codon,amino_acid,orbit_size,orbit_id
AUG,Met,1,Met1
UGG,Trp,1,Trp1
UGA,Stop,1,Stop1
UUU,Phe,2,Phe2
UUC,Phe,2,Phe2
UAU,Tyr,2,Tyr2
UAC,Tyr,2,Tyr2
UGU,Cys,2,Cys2
UGC,Cys,2,Cys2
CAU,His,2,His2
CAC,His,2,His2
AAU,Asn,2,Asn2
AAC,Asn,2,Asn2
AAA,Lys,2,Lys2
AAG,Lys,2,Lys2
GAU,Asp,2,Asp2
GAC,Asp,2,Asp2
GAA,Glu,2,Glu2
GAG,Glu,2,Glu2
AUU,Ile,3,Ile3
AUC,Ile,3,Ile3
AUA,Ile,3,Ile3
GUU,Val,4,Val4
GUC,Val,4,Val4
GUA,Val,4,Val4
GUG,Val,4,Val4
CCU,Pro,4,Pro4
CCC,Pro,4,Pro4
CCA,Pro,4,Pro4
CCG,Pro,4,Pro4
ACU,Thr,4,Thr4
ACC,Thr,4,Thr4
ACA,Thr,4,Thr4
ACG,Thr,4,Thr4
GCU,Ala,4,Ala4
GCC,Ala,4,Ala4
GCA,Ala,4,Ala4
GCG,Ala,4,Ala4
GGU,Gly,4,Gly4
GGC,Gly,4,Gly4
GGA,Gly,4,Gly4
GGG,Gly,4,Gly4
CAA,Gln,4,Gln4
CAG,Gln,4,Gln4
UAA,Gln,4,Gln4
UAG,Gln,4,Gln4
UUA,Leu,6,Leu6
UUG,Leu,6,Leu6
CUU,Leu,6,Leu6
CUC,Leu,6,Leu6
CUA,Leu,6,Leu6
CUG,Leu,6,Leu6
UCU,Ser,6,Ser6
UCC,Ser,6,Ser6
UCA,Ser,6,Ser6
UCG,Ser,6,Ser6
AGU,Ser,6,Ser6
AGC,Ser,6,Ser6
CGU,Arg,6,Arg6
CGC,Arg,6,Arg6
CGA,Arg,6,Arg6
CGG,Arg,6,Arg6
AGA,Arg,6,Arg6
AGG,Arg,6,Arg6
